<?xml version="1.0" encoding="UTF-8"?>
<configuration>
  <appender name="STDOUT" class="ch.qos.logback.core.ConsoleAppender">
    <encoder>
      <!-- <pattern>%d{dd-MM-yyyy HH:mm:ss.SSS} %magenta([%thread]) %highlight(%-5level) %logger{36}.%M - %msg %mdc%n</pattern> -->
      <!-- <pattern>%C{0} %M %X{transId} %m%n </pattern> -->
      <pattern>%d{HH:mm:ss.SSS} [%t] %-5level %logger{36} %M\(\) %X{service} tID:%X{transactionId}- %m%n</pattern>
    </encoder>
  </appender>
  <root level="info">
    <appender-ref ref="STDOUT" />
  </root>
</configuration>